Workbook

Sheet Data
A1: ItemID | B1: Annotator1_Label | C1: Annotator2_Label | D1: Ann1_Binary | E1: Ann2_Binary | F1: INSTRUCTIONS
A2: 1Panel-dev__MaxKB/apps/models_provider/impl/aliyun_bai_lian_model_provider/model/omni_stt.py | B2: TP | C2: TP | D2: 1 | E2: 1
A3: All-Hands-AI__OpenHands/evaluation/benchmarks/versicode/inference_utils/api_code_migration.py | B3: TP | C3: TP | D3: 1 | E3: 1
A4: All-Hands-AI__OpenHands/evaluation/benchmarks/versicode/inference_utils/api_test_block_completion.py | B4: TP | C4: TP | D4: 1 | E4: 1
A5: AntonOsika__gpt-engineer/docs/examples/open_llms/openai_api_interface.py | B5: TP | C5: TP | D5: 1 | E5: 1
A6: Byaidu__PDFMathTranslate/pdf2zh/translator.py | B6: TP | C6: TP | D6: 1 | E6: 1
A7: comet-ml__opik/sdks/python/tests/library_integration/anthropic/test_anthropic.py | B7: TP | C7: TP | D7: 1 | E7: 1
A8: comet-ml__opik/sdks/python/examples/evaluation_example.py | B8: TP | C8: TP | D8: 1 | E8: 1
A9: comet-ml__opik/sdks/python/examples/dynamic_tracing_example.py | B9: TP | C9: TP | D9: 0 | E9: 0
A10: comet-ml__opik/apps/opik-frontend/src/components/pages-shared/onboarding/FrameworkIntegrations/integration-scripts/FunctionDecorators.py | B10: TP | C10: TP | D10: 1 | E10: 1
A11: comet-ml__opik/apps/opik-frontend/src/components/pages-shared/onboarding/FrameworkIntegrations/integration-scripts/OpenRouter.py | B11: TP | C11: TP | D11: 0 | E11: 0
A12: comet-ml__opik/apps/opik-frontend/src/components/pages-shared/onboarding/FrameworkIntegrations/integration-scripts/OpenAI.py | B12: TP | C12: TP | D12: 1 | E12: 1
A13: comet-ml__opik/apps/opik-frontend/src/components/pages-shared/onboarding/FrameworkIntegrations/integration-scripts/Anthropic.py | B13: TP | C13: TP | D13: 1 | E13: 1
... A110: Byaidu__PDFMathTranslate/pdf2zh/translator.py | B110: TP | C110: TP | D110: 1 | E110: 1

Sheet Agreement
A1: Confusion Table (Annotator1 vs Annotator2)
F2: a (TP/TP) | G2: =B4 -> 52
B3: Annotator2: TP | C3: Annotator2: FP | F3: b (TP/FP) | G3: =C4 -> 3
A4: Annotator1: TP | B4: =COUNTIFS(Data!$B$2:$B$61,"TP",Data!$C$2:$C$61,"TP") -> 52 | C4: =COUNTIFS(Data!$B$2:$B$61,"TP",Data!$C$2:$C$61,"FP") -> 3 | D4: =SUM(B4:C4) -> 55 | F4: c (FP/TP) | G4: =B5 -> 1
A5: Annotator1: FP | B5: =COUNTIFS(Data!$B$2:$B$61,"FP",Data!$C$2:$C$61,"TP") -> 1 | C5: =COUNTIFS(Data!$B$2:$B$61,"FP",Data!$C$2:$C$61,"FP") -> 4 | D5: =SUM(B5:C5) -> 5 | F5: d (FP/FP) | G5: =C5 -> 4
A6: Totals | B6: =SUM(B4:B5) -> 53 | C6: =SUM(C4:C5) -> 7 | D6: =SUM(B6:C6) -> 60 | F6: N | G6: =D6 -> 60
A7: Totals
F8: Row1 (a+b) | G8: =D4 -> 55
A9: Observed Agreement (Po) | B9: =(B4+C5)/D6 -> 0.93333333 | F9: Row2 (c+d) | G9: =D5 -> 5
A10: Expected Agreement (Pe) | B10: =(G8*G10 + G9*G11)/(G6*G6) -> 0.81944444 | F10: Col1 (a+c) | G10: =B6 -> 53
A11: Cohen's Kappa (κ) | B11: =(B9-B10)/(1-B10) -> 0.63076923 | F11: Col2 (b+d) | G11: =C6 -> 7
A12: Percent Agreement | B12: =B9 -> 0.93333333 | C12: Format as % in Excel for readability.

Sheet EffectSize
A1: Optional: Cohen's d on TP-rate (Annotator1 vs Annotator2)
A3: Annotator | B3: Mean (TP proportion) | C3: Std Dev | D3: N
A4: Annotator1 | B4: =AVERAGE(Data!$D$2:$D$61) -> 0.88333333 | C4: =_xludf.STDEV.S(Data!$D$2:$D$61) -> #NAME? | D4: =COUNT(Data!$D$2:$D$61) -> 60
A5: Annotator2 | B5: =AVERAGE(Data!$E$2:$E$61) -> 0.83333333 | C5: =_xludf.STDEV.S(Data!$E$2:$E$61) -> #NAME? | D5: =COUNT(Data!$E$2:$E$61) -> 60
A7: Cohen's d | B7: =(B4 - B5) / B8 -> #NAME?
A8: Pooled SD | B8: =SQRT(((D4-1)*C4*C4 + (D5-1)*C5*C5) / (D4 + D5 - 2)) -> #NAME?
A10: Note: For agreement between annotators on categorical labels, use Cohen's κ (see 'Agreement'). Cohen's d here simply compares TP rates.

Sheet README
A1: Cohen's Kappa Template (TP vs FP) — Instructions
A8: Rappels :
A9: - Po = (a + d) / N, où a=TP/TP, b=TP/FP, c=FP/TP, d=FP/FP.
A10: - Pe = [(a+b)(a+c) + (c+d)(b+d)] / N^2 (accord attendu par hasard).
A11: - κ = (Po - Pe) / (1 - Pe).
